Query ID,Predicted Cardinality
0,12
1,566794
2,3674712
3,2106
4,108314
5,974
6,80911
7,2947065
8,195905
9,252437
10,736
11,845349
12,3604499
13,631840
14,6649
15,115392
16,820347
17,4461681
18,96955
19,6926
20,135
21,114420
22,6935792
23,3633719
24,108821
25,183500
26,3021050
27,259
28,406
29,115021
30,83376
31,8869
32,651694
33,1689256
34,1255144
35,125942
36,1465
37,3990810
38,2571
39,252580
40,308498
41,570047
42,504560
43,2317
44,66753
45,807884
46,83545
47,143301
48,35188
49,35255
50,130875
51,24830
52,466555
53,19
54,16321
55,1032641
56,2027110
57,269524
58,1197544
59,79
60,3757822
61,1100
62,3422368
63,26431
64,24090
65,29493
66,108486
67,48786
68,15
69,133061
70,2989412
71,13902
72,574709
73,1496627
74,111954
75,85578
76,1338425
77,2267
78,134512
79,920165
80,248
81,1222118
82,137833
83,17639
84,114
85,111
86,3081052
87,323042
88,139233
89,65657
90,689
91,1092800
92,2959370
93,793664
94,72
95,32504
96,4116126
97,790671
98,54
99,1451708
100,301224
101,760207
102,218742
103,934
104,1249006
105,722082
106,1701
107,1189311
108,1323472
109,769553
110,4259961
111,2938749
112,27992
113,158645
114,567506
115,5251232
116,293
117,172132
118,513752
119,672436
120,664362
121,92
122,2181397
123,1457454
124,76345
125,636972
126,11
127,2385198
128,85
129,65515
130,4461830
131,38
132,1192527
133,333903
134,107769
135,66812
136,106117
137,251652
138,96471
139,38
140,1073976
141,476361
142,2905321
143,3489
144,56873
145,90
146,210625
147,134
148,948370
149,2072806
150,97457
151,4722926
152,3088259
153,4341107
154,304984
155,652738
156,1485936
157,772757
158,23835
159,2606310
160,740794
161,280051
162,28740
163,3237122
164,53106
165,1017
166,43057
167,440811
168,18497
169,1158665
170,2265581
171,2032
172,11530
173,43535
174,289943
175,22203
176,22642
177,2135
178,2258673
179,3780269
180,40987
181,4084067
182,13432
183,35830
184,72
185,1356348
186,14650
187,460435
188,531742
189,317472
190,5302497
191,2983480
192,261631
193,5166857
194,462
195,396209
196,50949
197,605549
198,1287
199,92088
200,2604116
201,524480
202,78540
203,1497876
204,4484961
205,3867867
206,31406
207,1078287
208,99959
209,121058
210,13744
211,307243
212,6003
213,1131
214,421754
215,4592273
216,969671
217,107109
218,1679990
219,351782
220,80821
221,32664
222,42585
223,410685
224,96852
225,223510
226,19
227,11990
228,93
229,7015495
230,892508
231,622117
232,10999
233,13467
234,1488777
235,398957
236,5164645
237,49771
238,130051
239,252863
240,143906
241,185506
242,12601
243,33437
244,9035
245,853278
246,1109263
247,3293717
248,2283892
249,25837
250,285628
251,8370
252,5226885
253,1271
254,164833
255,801859
256,2965195
257,282
258,363649
259,47717
260,1547
261,25917
262,72517
263,1227
264,185
265,339925
266,337204
267,2496
268,613538
269,2702450
270,799046
271,1122435
272,98724
273,130210
274,218953
275,89278
276,298
277,104327
278,92423
279,14028
280,484
281,372254
282,453472
283,8831
284,1253
285,227591
286,84
287,309955
288,127376
289,5356672
290,80216
291,1117
292,4093800
293,111288
294,114
295,838
296,5252855
297,131751
298,38261
299,8414
300,239
301,259818
302,1052
303,281
304,192074
305,234110
306,46
307,93660
308,2994426
309,2347706
310,3553
311,37887
312,145888
313,633138
314,27807
315,1092149
316,1017128
317,20771
318,89
319,31463
320,2086675
321,990323
322,2107
323,2979792
324,409
325,540834
326,607503
327,65416
328,10
329,92
330,750764
331,3334749
332,1510504
333,3695810
334,7139
335,624603
336,381154
337,29335
338,4226362
339,1189786
340,2741557
341,956127
342,517380
343,807
344,501
345,4463728
346,11748
347,251650
348,1768375
349,1533
350,689987
351,339976
352,32399
353,140
354,557697
355,239882
356,572409
357,296
358,958492
359,435554
360,85975
361,709254
362,2405542
363,92731
364,61263
365,956
366,945512
367,2414
368,609880
369,3775203
370,2840713
371,176476
372,775248
373,518568
374,257750
375,509470
376,80467
377,4265823
378,37188
379,645819
380,292594
381,516366
382,92
383,40
384,513884
385,137980
386,128687
387,247729
388,278434
389,4809082
390,45727
391,3051058
392,24673
393,45969
394,84668
395,31616
396,1805312
397,3138242
398,1795527
399,5217
400,123
401,2780338
402,155392
403,2963468
404,708481
405,1093640
406,3204053
407,577699
408,789886
409,848607
410,913812
411,526380
412,278570
413,724
414,88820
415,112257
416,1358
417,478940
418,92
419,3051544
420,294032
421,598149
422,152703
423,83932
424,4510861
425,9135
426,78981
427,113
428,2338
429,246
430,300
431,136
432,144830
433,174311
434,1582558
435,320060
436,11
437,213844
438,10798
439,19788
440,1214336
441,3041444
442,100
443,322
444,31491
445,13982
446,465079
447,1670
448,48410
449,185076
450,146841
451,33268
452,147196
453,41526
454,101117
455,3504884
456,313655
457,3911513
458,50839
459,11591
460,758656
461,1157388
462,904870
463,66686
464,454660
465,3598224
466,4272064
467,1731668
468,4444405
469,404914
470,1780
471,3708665
472,7083
473,39
474,2778459
475,298749
476,488227
477,234579
478,5184572
479,114577
480,175431
481,171
482,91
483,2289512
484,10
485,133
486,395
487,251779
488,33827
489,139288
490,56206
491,90001
492,2193463
493,105366
494,526674
495,157
496,761425
497,130715
498,2988078
499,16519
500,1488
501,586655
502,208053
503,17667
504,794
505,121204
506,17225
507,127653
508,2083665
509,10437
510,122253
511,2271
512,37180
513,3192
514,781745
515,25706
516,3598344
517,252668
518,14811
519,1443
520,1108
521,91
522,280
523,3055466
524,323226
525,3077777
526,73
527,6986
528,2132
529,413964
530,209925
531,967107
532,332541
533,559234
534,221820
535,190097
536,42573
537,30787
538,1174584
539,1075383
540,6999
541,516004
542,178836
543,4473624
544,3965
545,3423
546,49052
547,50789
548,2139815
549,340910
550,724885
551,5198
552,816946
553,27903
554,262
555,837
556,362306
557,3773878
558,11
559,3709443
560,155898
561,1589
562,13054
563,11076
564,265
565,212704
566,82639
567,93
568,4249415
569,942992
570,2014828
571,1675810
572,125
573,312010
574,250424
575,20835
576,66728
577,47322
578,375160
579,1145066
580,45
581,225522
582,3881292
583,17988
584,162073
585,205272
586,477435
587,177907
588,846629
589,92
590,120852
591,479
592,147
593,1983
594,816141
595,113234
596,4431
597,1305309
598,136499
599,8772
600,93
601,518418
602,14310
603,224983
604,237491
605,4432658
606,1229
607,139588
608,8942
609,1567523
610,1254267
611,1370335
612,976
613,440172
614,1308151
615,836641
616,12159
617,695831
618,396224
619,4428
620,986013
621,78
622,82534
623,70173
624,39
625,93
626,4232380
627,912316
628,13793
629,40608
630,292149
631,565614
632,738
633,5286244
634,2192135
635,1004364
636,891687
637,230959
638,247689
639,158061
640,112988
641,381868
642,77636
643,3769023
644,10
645,710669
646,89972
647,4482258
648,51
649,388922
650,2187668
651,91
652,1646544
653,17829
654,4110767
655,1195949
656,68836
657,5954
658,1371754
659,2924572
660,226629
661,89342
662,318163
663,12968
664,1903728
665,1785
666,3080285
667,13383
668,296529
669,5133962
670,86060
671,12225
672,4253
673,558207
674,1015
675,125636
676,416024
677,235744
678,9188
679,5148422
680,17140
681,533811
682,433130
683,512769
684,5018676
685,185548
686,1319
687,411557
688,288
689,1541582
690,971
691,259954
692,404
693,56399
694,1236865
695,363467
696,18
697,151717
698,4627660
699,758838
700,120
701,319950
702,1553630
703,3013876
704,28130
705,126920
706,190728
707,847
708,1060510
709,497894
710,809904
711,1417737
712,56569
713,3035
714,105352
715,338592
716,275
717,374393
718,418310
719,173147
720,244498
721,354
722,3089962
723,7095
724,366639
725,7773
726,66764
727,117188
728,3083803
729,3018605
730,616163
731,39614
732,977
733,879
734,170759
735,29667
736,143347
737,7316
738,2214801
739,449291
740,357171
741,775393
742,415005
743,1476121
744,244
745,1182475
746,4477875
747,40
748,281327
749,191274
750,1229457
751,6635
752,272192
753,72
754,372785
755,95081
756,19650
757,22
758,1476307
759,2451
760,15200
761,264213
762,852647
763,12
764,106741
765,51772
766,9124
767,41082
768,164118
769,29686
770,1463098
771,329869
772,573766
773,777628
774,1560395
775,643829
776,253411
777,8108
778,1158
779,56725
780,292
781,8183
782,80
783,452413
784,62816
785,86397
786,2083631
787,91
788,160
789,9617
790,1608896
791,252859
792,99332
793,31819
794,140290
795,510538
796,190338
797,482556
798,83646
799,1835201
800,558621
801,115018
802,1632618
803,5103
804,4353636
805,1708884
806,8851
807,354
808,79700
809,3726893
810,788914
811,1080470
812,71
813,6700
814,228811
815,115997
816,2716
817,60801
818,5674
819,422
820,233449
821,778164
822,241837
823,6905
824,318747
825,806234
826,2769333
827,76
828,3079
829,3035287
830,19371
831,119826
832,2402
833,616277
834,572854
835,5899594
836,55897
837,66828
838,53470
839,1001557
840,2109
841,746399
842,684588
843,8995420
844,647412
845,119281
846,306424
847,311540
848,154926
849,51927
850,489
851,19328
852,91
853,640098
854,108500
855,821953
856,33
857,755659
858,515598
859,1956410
860,1180905
861,573205
862,15388
863,10594
864,368042
865,2125663
866,11
867,1491605
868,61515
869,655
870,241333
871,86290
872,2955881
873,2776600
874,289
875,292530
876,10
877,327032
878,88760
879,12321175
880,114571
881,252725
882,252129
883,2250
884,477893
885,572045
886,144718
887,1121
888,3213
889,92
890,146883
891,106984
892,60001
893,22313
894,21477
895,1133
896,3019238
897,160573
898,5373
899,1947624
900,6604
901,3853934
902,36826
903,48865
904,173133
905,17328
906,121
907,186052
908,178174
909,91584
910,815534
911,128813
912,10912
913,526846
914,129611
915,23767
916,173293
917,1165
918,2316288
919,19450
920,2993934
921,38356
922,2462436
923,156177
924,430308
925,5181191
926,3973413
927,4501768
928,62781
929,133771
930,441255
931,177136
932,151805
933,98991
934,152878
935,1543282
936,304563
937,288766
938,809048
939,7040616
940,881
941,73406
942,22923
943,276
944,72041
945,617150
946,3000944
947,425641
948,186963
949,1033285
950,575578
951,58917
952,52276
953,3984
954,189442
955,637648
956,103235
957,54674
958,4643960
959,950
960,179275
961,804302
962,3037172
963,353717
964,790835
965,849924
966,114497
967,18341
968,220502
969,4046
970,113364
971,94
972,667
973,2991905
974,384974
975,14054
976,230
977,297849
978,43271
979,79
980,192
981,646335
982,110938
983,208747
984,15471
985,286890
986,3319794
987,207579
988,83291
989,93
990,116
991,334621
992,690399
993,192288
994,21694
995,246536
996,622027
997,8924
998,27703
999,214154
1000,222957
1001,81
1002,1780486
1003,560941
1004,85
1005,23739
1006,517797
1007,441
1008,150825
1009,72275
1010,70324
1011,5938424
1012,90348
1013,1529063
1014,3696
1015,2483190
1016,3763675
1017,2999744
1018,3039084
1019,82494
1020,959124
1021,10
1022,457
1023,3711729
1024,357325
1025,2957118
1026,325805
1027,59279
1028,6150
1029,40
1030,192898
1031,983769
1032,801062
1033,51823
1034,91645
1035,765
1036,1711206
1037,21101
1038,233647
1039,635781
1040,10267
1041,5678
1042,73811
1043,424
1044,7431
1045,5416142
1046,1161316
1047,40661
1048,35
1049,45682
1050,932530
1051,3407660
1052,54234
1053,665228
1054,82187
1055,171715
1056,5327156
1057,66584
1058,741583
1059,687
1060,1123278
1061,1030
1062,7472
1063,4507511
1064,42783
1065,5812
1066,238627
1067,31014
1068,259141
1069,770740
1070,41576
1071,474705
1072,3083848
1073,89
1074,3043249
1075,12504
1076,900050
1077,61201
1078,88016
1079,4372168
1080,1688941
1081,86087
1082,691675
1083,798047
1084,2114018
1085,1019
1086,5113074
1087,22983
1088,3665531
1089,234433
1090,143364
1091,455746
1092,683
1093,302890
1094,955
1095,10
1096,43438
1097,69892
1098,2088790
1099,5388512
1100,43592
1101,233325
1102,39808
1103,104613
1104,10208
1105,26601
1106,3626335
1107,901708
1108,868100
1109,1742558
1110,235809
1111,186185
1112,234931
1113,705825
1114,8499
1115,76
1116,463924
1117,599706
1118,115038
1119,221851
1120,19818
1121,753085
1122,481911
1123,743
1124,2226236
1125,2862092
1126,322
1127,1598828
1128,1024
1129,11208
1130,2308
1131,1429065
1132,527565
1133,11
1134,4411594
1135,198304
1136,299
1137,70885
1138,3069113
1139,13
1140,1162
1141,45
1142,1305
1143,567910
1144,4837616
1145,1164881
1146,117476
1147,179158
1148,86083
1149,566933
1150,548
1151,993244
1152,492984
1153,1138310
1154,42866
1155,457542
1156,268963
1157,299
1158,22536
1159,609870
1160,16169
1161,115973
1162,439118
1163,2913031
1164,74252
1165,23906
1166,831
1167,1397084
1168,22
1169,656494
1170,113919
1171,518004
1172,847175
1173,3773572
1174,224247
1175,800376
1176,251404
1177,111
1178,208598
1179,10663
1180,10273
1181,14164
1182,12
1183,224716
1184,190888
1185,154371
1186,1187737
1187,156290
1188,260110
1189,103108
1190,505736
1191,2843961
1192,34778
1193,1895
1194,763781
1195,4458614
1196,246819
1197,431600
1198,128053
1199,902972
1200,705904
1201,396220
1202,118339
1203,805889
1204,38516
1205,3646411
1206,578034
1207,75542
1208,131580
1209,2613842
1210,106652
1211,387078
1212,2148
1213,3083756
1214,158
1215,8031
1216,546
1217,115650
1218,701067
1219,1585360
1220,398449
1221,238441
1222,744057
1223,317666
1224,332276
1225,98836
1226,127794
1227,3072100
1228,50339
1229,4320621
1230,162393
1231,1089172
1232,190029
1233,497946
1234,516199
1235,70939
1236,5600
1237,273
1238,113200
1239,1301644
1240,235003
1241,71119
1242,58409
1243,1139084
1244,1246062
1245,94762
1246,7975
1247,894577
1248,99661
1249,4475
1250,631
1251,1594981
1252,278572
1253,66482
1254,98
1255,314640
1256,168712
1257,87692
1258,2291
1259,1769082
1260,85
1261,2981
1262,224444
1263,88
1264,282
1265,292223
1266,137123
1267,28718
1268,488505
1269,1010059
1270,252447
1271,994445
1272,169526
1273,4599492
1274,72
1275,21279
1276,251852
1277,33
1278,183072
1279,33
1280,283
1281,2656354
1282,363545
1283,7601
1284,1372690
1285,5127
1286,507611
1287,1412151
1288,79
1289,19
1290,364
1291,19665
1292,1541
1293,3022981
1294,28147
1295,2776
1296,435178
1297,28472
1298,374705
1299,2523
1300,66497
1301,2783
1302,1691379
1303,441749
1304,5516
1305,1005385
1306,102894
1307,657492
1308,261843
1309,128257
1310,26424
1311,1711
1312,138150
1313,237095
1314,1508526
1315,1240738
1316,249436
1317,3482
1318,178635
1319,287739
1320,139387
1321,374786
1322,544698
1323,159
1324,948413
1325,33
1326,97233
1327,169474
1328,3612586
1329,54381
1330,3002309
1331,16
1332,92460
1333,3851656
1334,707414
1335,2400
1336,3068229
1337,277
1338,12
1339,804337
1340,482555
1341,155
1342,1959493
1343,216999
1344,182418
1345,269567
1346,457
1347,1712834
1348,477
1349,871812
1350,461658
1351,2920338
1352,465
1353,1680861
1354,1147337
1355,1480509
1356,707060
1357,73551
1358,37
1359,1597886
1360,272
1361,653393
1362,15432
1363,28771
1364,11193
1365,4618762
1366,163
1367,2478
1368,2013
1369,1579838
1370,1620
1371,30482
1372,723103
1373,303850
1374,58296
1375,4100779
1376,30564
1377,244
1378,504308
1379,3638348
1380,143859
1381,245
1382,40707
1383,90
1384,115271
1385,32204
1386,623029
1387,316725
1388,107514
1389,57668
1390,60757
1391,10253
1392,641290
1393,114667
1394,160
1395,225435
1396,1004
1397,114322
1398,746673
1399,298
1400,62482
1401,281
1402,91
1403,1772500
1404,721
1405,89
1406,95648
1407,14579
1408,9246
1409,98505
1410,1053472
1411,3177409
1412,3605944
1413,633721
1414,417198
1415,634
1416,22331
1417,363408
1418,86795
1419,20650
1420,2677181
1421,312311
1422,3894436
1423,108704
1424,4218703
1425,11669
1426,71295
1427,12
1428,3074709
1429,1168024
1430,66634
1431,23417
1432,10
1433,100404
1434,3020214
1435,3671101
1436,49
1437,251599
1438,780215
1439,70991
1440,49777
1441,15114
1442,915674
1443,152286
1444,104370
1445,1221056
1446,4174396
1447,3034798
1448,11
1449,1051103
1450,35022
1451,68731
1452,1005052
1453,4576744
1454,900269
1455,660653
1456,11426
1457,58638
1458,173
1459,466109
1460,1326675
1461,97
1462,2555042
1463,254
1464,997108
1465,46696
1466,41112
1467,2981443
1468,35920
1469,983537
1470,1502
1471,600306
1472,273312
1473,77470
1474,12
1475,90423
1476,465730
1477,8351
1478,32117
1479,271
1480,21082
1481,249408
1482,41240
1483,704661
1484,4141262
1485,1684432
1486,626718
1487,476135
1488,3031312
1489,93
1490,1983
1491,1394
1492,628831
1493,29030
1494,2979
1495,163026
1496,5168498
1497,116004
1498,5493
1499,2974800
1500,781483
1501,175328
1502,2789
1503,21706
1504,2616641
1505,2863206
1506,115532
1507,302702
1508,24179
1509,176038
1510,1352758
1511,48903
1512,1030593
1513,38698
1514,2662919
1515,2958357
1516,1517
1517,509463
1518,6624
1519,1744587
1520,132429
1521,125
1522,2514
1523,944528
1524,95
1525,9763
1526,123139
1527,2865629
1528,81
1529,79
1530,8867
1531,323261
1532,108764
1533,961557
1534,3743700
1535,11039
1536,196379
1537,47
1538,209788
1539,6538818
1540,441
1541,12
1542,1126443
1543,1236430
1544,14967
1545,18761
1546,528
1547,4807129
1548,1469290
1549,134740
1550,18186
1551,789493
1552,383990
1553,380928
1554,1181
1555,2966824
1556,4169255
1557,4746826
1558,720808
1559,206286
1560,360057
1561,3059540
1562,49995
1563,104368
1564,133142
1565,945
1566,522979
1567,83168
1568,497064
1569,4462562
1570,837851
1571,92
1572,19935
1573,263611
1574,163
1575,624831
1576,706822
1577,38544
1578,196874
1579,4417673
1580,4499462
1581,84616
1582,444
1583,806592
1584,935039
1585,74692
1586,2338798
1587,818174
1588,1091393
1589,5173494
1590,77571
1591,9554
1592,150311
1593,191353
1594,127
1595,33522
1596,6893168
1597,282
1598,44676
1599,577783
1600,11
1601,936211
1602,320055
1603,55086
1604,381019
1605,2469983
1606,142899
1607,1840
1608,438231
1609,108066
1610,778249
1611,343
1612,180795
1613,39
1614,2762451
1615,69439
1616,3072768
1617,2379332
1618,96822
1619,37126
1620,639
1621,358076
1622,536944
1623,254589
1624,97455
1625,885155
1626,1395566
1627,788
1628,378190
1629,3076935
1630,53013
1631,71860
1632,10096
1633,703960
1634,10131
1635,70674
1636,1424936
1637,12774
1638,356194
1639,3655111
1640,345677
1641,89722
1642,996100
1643,65006
1644,142
1645,1331659
1646,765688
1647,1343775
1648,393752
1649,848910
1650,907316
1651,903964
1652,79429
1653,952
1654,173815
1655,86354
1656,2613810
1657,191817
1658,101527
1659,2289
1660,33624
1661,43243
1662,550380
1663,3988318
1664,438958
1665,545769
1666,90
1667,5068598
1668,32048
1669,1837
1670,257070
1671,4513412
1672,348832
1673,668164
1674,887
1675,689579
1676,65325
1677,94
1678,1101
1679,17059
1680,360804
1681,40866
1682,102960
1683,1840
1684,17474
1685,1398
1686,231379
1687,40
1688,2982996
1689,464
1690,32
1691,15847
1692,289594
1693,250435
1694,19883
1695,41377
1696,1512928
1697,115146
1698,236
1699,10
1700,3132
1701,188399
1702,50018
1703,713676
1704,323939
1705,63
1706,14672
1707,42762
1708,592769
1709,35378
1710,734535
1711,49100
1712,494310
1713,97116
1714,1353400
1715,691521
1716,23685
1717,1189218
1718,3984384
1719,191
1720,381218
1721,23152
1722,503572
1723,268
1724,67064
1725,1341583
1726,516512
1727,4410
1728,3027799
1729,99877
1730,1930
1731,3624416
1732,2905545
1733,934
1734,637
1735,10552
1736,5929
1737,1734755
1738,2604
1739,185997
1740,109355
1741,54696
1742,453783
1743,1639676
1744,10571
1745,94
1746,5048943
1747,247
1748,94
1749,63490
1750,22560
1751,251723
1752,146
1753,4433627
1754,512668
1755,106003
1756,55
1757,2746435
1758,1665084
1759,2766128
1760,1142229
1761,20308
1762,14962
1763,322103
1764,266262
1765,6653
1766,2660314
1767,975104
1768,533447
1769,4065902
1770,156895
1771,81007
1772,593507
1773,54853
1774,749683
1775,177223
1776,677630
1777,2120
1778,98323
1779,104
1780,27610
1781,1772234
1782,93
1783,260056
1784,446
1785,521674
1786,160324
1787,110621
1788,233646
1789,180704
1790,163450
1791,4501282
1792,1256121
1793,4329472
1794,2457014
1795,282561
1796,228072
1797,4422790
1798,1158140
1799,12647
1800,65198
1801,550451
1802,6307
1803,91
1804,208043
1805,1411301
1806,4429
1807,624
1808,415
1809,12830
1810,3643320
1811,19857
1812,44241
1813,263007
1814,27760
1815,1713974
1816,1103223
1817,110922
1818,1533
1819,190022
1820,418844
1821,8428
1822,3727913
1823,39
1824,54527
1825,2885742
1826,1832368
1827,136727
1828,229
1829,74024
1830,1247
1831,724
1832,316328
1833,1669198
1834,4206474
1835,16511
1836,178
1837,90
1838,123744
1839,1358976
1840,594045
1841,20558
1842,863331
1843,248988
1844,187490
1845,764
1846,79512
1847,1069
1848,461
1849,939738
1850,74533
1851,89
1852,70750
1853,6994672
1854,3710108
1855,18161
1856,376942
1857,3762953
1858,35054
1859,249867
1860,212760
1861,38273
1862,114976
1863,156705
1864,5769
1865,3808595
1866,86
1867,387826
1868,8016
1869,154
1870,65162
1871,125394
1872,467
1873,19850
1874,98483
1875,3763746
1876,22171
1877,40586
1878,239243
1879,24
1880,31810
1881,611907
1882,187388
1883,220236
1884,64107
1885,3092701
1886,113672
1887,11
1888,3039
1889,3602805
1890,237
1891,3103302
1892,109
1893,808539
1894,251652
1895,15314
1896,1994422
1897,655152
1898,1056
1899,348
1900,6564
1901,470177
1902,1413
1903,82568
1904,355
1905,813836
1906,402900
1907,406326
1908,202703
1909,128799
1910,3546
1911,4441180
1912,780057
1913,223398
1914,2960030
1915,2913322
1916,206594
1917,3064664
1918,138620
1919,5062593
1920,11311
1921,3916
1922,176
1923,1740006
1924,28766
1925,798510
1926,695
1927,2350
1928,11
1929,344701
1930,224189
1931,1718
1932,112
1933,119802
1934,304287
1935,1615
1936,149725
1937,2437
1938,51
1939,69805
1940,5830
1941,565688
1942,41055
1943,190935
1944,64515
1945,364464
1946,3770954
1947,25809
1948,1175420
1949,1453
1950,63831
1951,25887
1952,1019855
1953,2951225
1954,535956
1955,90299
1956,222712
1957,1415
1958,540104
1959,1233962
1960,1164242
1961,53497
1962,176014
1963,3905120
1964,12
1965,193829
1966,1747134
1967,72
1968,992774
1969,1514876
1970,422658
1971,518163
1972,11
1973,5286944
1974,121090
1975,113627
1976,550
1977,10
1978,114
1979,141573
1980,228
1981,3331
1982,13969
1983,512474
1984,465965
1985,544
1986,3198
1987,15784
1988,71595
1989,1009
1990,296462
1991,2686
1992,3230
1993,17344
1994,3018495
1995,246959
1996,275846
1997,112491
1998,8557
1999,57
2000,7389
2001,487712
2002,1322770
2003,485288
2004,3008508
2005,1519086
2006,67430
2007,17195
2008,2564724
2009,3676924
2010,750524
2011,1096926
2012,233465
2013,3554076
2014,1478
2015,159
2016,166777
2017,139444
2018,566035
2019,2962849
2020,3051698
2021,735122
2022,105595
2023,45858
2024,896976
2025,2995754
2026,527008
2027,79811
2028,101412
2029,697880
2030,505151
2031,1846215
2032,697729
2033,4099864
2034,5168522
2035,11666
2036,2256535
2037,85787
2038,884
2039,51043
2040,2926932
2041,1152823
2042,124927
2043,98757
2044,410787
2045,180646
2046,4603156
2047,117572
2048,428261
2049,263994
2050,254260
2051,120336
2052,2075
2053,522849
2054,81
2055,11910
2056,5153
2057,103
2058,225776
2059,66822
2060,73491
2061,1042912
2062,412700
2063,775225
2064,1331459
2065,66483
2066,846361
2067,154881
2068,10
2069,45409
2070,2551010
2071,2979328
2072,328097
2073,1134
2074,7292
2075,10749
2076,186252
2077,21543
2078,54677
2079,2320983
2080,162118
2081,1487876
2082,46518
2083,481808
2084,97776
2085,3599958
2086,131
2087,1882188
2088,109181
2089,1004
2090,12
2091,95968
2092,1197923
2093,154050
2094,3620271
2095,43837
2096,70232
2097,267989
2098,203
2099,9590
2100,24856
2101,317223
2102,248583
2103,30249
2104,2966369
2105,322715
2106,251653
2107,899806
2108,915
2109,219218
2110,33
2111,204226
2112,1131765
2113,1486804
2114,1504806
2115,801748
2116,1671217
2117,391357
2118,1040150
2119,4680
2120,324618
2121,1424
2122,10444
2123,116
2124,23793
2125,40
2126,155
2127,2705080
2128,114441
2129,977716
2130,80
2131,3291278
2132,11
2133,276311
2134,517775
2135,28167
2136,1500
2137,414
2138,60586
2139,269878
2140,74628
2141,429527
2142,214279
2143,30912
2144,60093
2145,139869
2146,2937354
2147,3608410
2148,1026
2149,767274
2150,1313364
2151,4365830
2152,3468
2153,20625
2154,781668
2155,115980
2156,92
2157,393
2158,168777
2159,174
2160,901524
2161,1042342
2162,5212922
2163,88847
2164,4954859
2165,1308150
2166,104
2167,4217492
2168,918
2169,30602
2170,90899
2171,2126
2172,12
2173,1091698
2174,315
2175,6718
2176,67190
2177,44700
2178,95
2179,48751
2180,4291734
2181,1755
2182,3683055
2183,591574
2184,11213
2185,218
2186,83059
2187,189983
2188,1372243
2189,3707388
2190,3016323
2191,233960
2192,57682
2193,11
2194,296707
2195,1597237
2196,1121529
2197,53200
2198,861
2199,145251
2200,120470
2201,745
2202,3603942
2203,10450
2204,349452
2205,51907
2206,467
2207,179193
2208,1056081
2209,155341
2210,141115
2211,10152
2212,12536
2213,23898
2214,359775
2215,925957
2216,456
2217,383
2218,233544
2219,1940158
2220,111239
2221,34223
2222,1035
2223,552854
2224,11
2225,3043191
2226,2227
2227,241
2228,116721
2229,1026617
2230,387715
2231,454620
2232,789953
2233,54943
2234,299
2235,16
2236,519134
2237,95353
2238,1349451
2239,23830
2240,1202091
2241,1767709
2242,348
2243,1613399
2244,262405
2245,3727532
2246,3813
2247,2216
2248,646955
2249,700
2250,3783710
2251,734474
2252,97459
2253,10541
2254,219094
2255,721185
2256,18635
2257,128448
2258,75516
2259,24834
2260,341230
2261,1032
2262,15271
2263,40472
2264,582975
2265,782683
2266,8484
2267,14103
2268,115
2269,21102
2270,962829
2271,250494
2272,127551
2273,63776
2274,13919
2275,32472
2276,4140816
2277,39
2278,89
2279,108062
2280,176149
2281,247735
2282,84862
2283,1433396
2284,275613
2285,299
2286,74479
2287,1776532
2288,172377
2289,3606817
2290,67108
2291,35
2292,292
2293,39
2294,901874
2295,455972
2296,96748
2297,152
2298,24022
2299,57614
2300,1330306
2301,238
2302,128208
2303,13228
2304,53057
2305,128863
2306,3076131
2307,79261
2308,162
2309,269992
2310,247454
2311,1086315
2312,41567
2313,1581579
2314,94
2315,942
2316,30485
2317,42898
2318,6586
2319,15046
2320,324901
2321,111226
2322,39
2323,90568
2324,1685838
2325,253228
2326,267932
2327,2907042
2328,1675564
2329,1143591
2330,694376
2331,106302
2332,802575
2333,394293
2334,70534
2335,1071572
2336,476900
2337,66458
2338,117
2339,530416
2340,153790
2341,301571
2342,766323
2343,454757
2344,281632
2345,7252
2346,2082
2347,216398
2348,51644
2349,15
2350,122
2351,331
2352,277983
2353,278
2354,33956
2355,3732626
2356,1000
2357,1734
2358,55274
2359,29833
2360,100014
2361,2223
2362,893928
2363,445
2364,127578
2365,41051
2366,285
2367,4787
2368,52805
2369,4315140
2370,40
2371,622
2372,1463151
2373,114456
2374,1080829
2375,26617
2376,116474
2377,775197
2378,1715254
2379,19107
2380,603
2381,364268
2382,13
2383,47082
2384,1105
2385,103708
2386,88
2387,1164644
2388,1400360
2389,205787
2390,3091645
2391,2214154
2392,775146
2393,857664
2394,469229
2395,518015
2396,1158382
2397,1365
2398,1084060
2399,5261282
2400,2076175
2401,3530039
2402,170395
2403,312940
2404,12747
2405,8634
2406,31117
2407,87157
2408,65398
2409,364204
2410,4391826
2411,4216036
2412,206
2413,1284110
2414,409205
2415,10
2416,837623
2417,66468
2418,157622
2419,17741
2420,6310421
2421,65717
2422,19071
2423,622542
2424,18
2425,253190
2426,67337
2427,17524
2428,170136
2429,201678
2430,1585743
2431,1700441
2432,34
2433,168306
2434,177528
2435,14710
2436,3072141
2437,11967
2438,199175
2439,105367
2440,147220
2441,3985984
2442,194277
2443,60574
2444,5179778
2445,1208434
2446,2110
2447,310385
2448,325694
2449,35
2450,396792
2451,735992
2452,3328020
2453,540682
2454,660927
2455,6849
2456,17270
2457,49032
2458,3328252
2459,14357
2460,170
2461,102391
2462,4618868
2463,909274
2464,109415
2465,38
2466,278321
2467,575
2468,1297834
2469,44825
2470,729842
2471,157376
2472,18
2473,586800
2474,238998
2475,583632
2476,1618
2477,261532
2478,198344
2479,15447
2480,3569
2481,2868946
2482,913990
2483,774
2484,776624
2485,247274
2486,1181098
2487,249663
2488,66575
2489,290
2490,20391
2491,278
2492,4456356
2493,561542
2494,159521
2495,342684
2496,13
2497,3082254
2498,4240444
2499,60339
2500,167775
2501,568775
2502,66614
2503,29721
2504,2559
2505,2342093
2506,261554
2507,15619
2508,239760
2509,95
2510,259815
2511,180832
2512,7454045
2513,4327289
2514,1003
2515,785393
2516,22118
2517,2562722
2518,110053
2519,190608
2520,4386167
2521,354285
2522,128109
2523,70228
2524,263390
2525,71030
2526,106311
2527,151598
2528,140874
2529,68379
2530,765831
2531,335021
2532,10
2533,3088
2534,404557
2535,40
2536,461
2537,695618
2538,27413
2539,601220
2540,122740
2541,866362
2542,299
2543,53
2544,40578
2545,1812
2546,170110
2547,281094
2548,140339
2549,50874
2550,2958890
2551,1151453
2552,8953
2553,12858
2554,660940
2555,289295
2556,8996
2557,1311
2558,364874
2559,2405
2560,152703
2561,21750
2562,817344
2563,717
2564,42288
2565,479527
2566,220803
2567,1058
2568,60474
2569,354754
2570,1766108
2571,1654250
2572,780879
2573,92041
2574,168
2575,1437568
2576,12581
2577,32771
2578,73
2579,92
2580,3656116
2581,229977
2582,81783
2583,73119
2584,2954663
2585,103045
2586,595768
2587,2547480
2588,13671
2589,18
2590,912
2591,515766
2592,18407
2593,11823
2594,124879
2595,1069129
2596,309
2597,619
2598,177
2599,72642
2600,105806
2601,23446
2602,3466317
2603,4039
2604,852102
2605,101
2606,642460
2607,4432730
2608,96804
2609,198024
2610,115
2611,1061
2612,135257
2613,12554
2614,840188
2615,120
2616,2736750
2617,523707
2618,3387554
2619,82533
2620,2992458
2621,251625
2622,692193
2623,317
2624,463
2625,321
2626,301912
2627,5976268
2628,127694
2629,472
2630,4425542
2631,95
2632,482
2633,1494292
2634,130
2635,3716561
2636,1618
2637,3352
2638,1352
2639,4401999
2640,3085630
2641,252227
2642,219400
2643,879368
2644,58748
2645,98941
2646,46046
2647,352315
2648,131889
2649,380280
2650,77
2651,519402
2652,148842
2653,251601
2654,307671
2655,1081722
2656,569284
2657,4320748
2658,323
2659,45923
2660,2959424
2661,338794
2662,273059
2663,120649
2664,255
2665,294
2666,2087824
2667,394264
2668,283
2669,172235
2670,9276
2671,132262
2672,507288
2673,75037
2674,1238
2675,7276
2676,3636978
2677,21356
2678,1189083
2679,485556
2680,3638206
2681,148
2682,98
2683,94823
2684,776692
2685,685013
2686,1620270
2687,59455
2688,102436
2689,5457486
2690,72326
2691,683472
2692,4295370
2693,944
2694,579581
2695,3072320
2696,12659
2697,1753024
2698,12323
2699,64618
2700,283287
2701,354768
2702,1896115
2703,42865
2704,41549
2705,241416
2706,228386
2707,228
2708,4401772
2709,305842
2710,3030428
2711,38
2712,12347
2713,186
2714,115762
2715,513209
2716,15661
2717,308
2718,8345
2719,3738958
2720,132609
2721,248
2722,319637
2723,131451
2724,5403136
2725,934721
2726,127983
2727,39889
2728,490476
2729,2389592
2730,1709
2731,1109390
2732,3005489
2733,10278
2734,10
2735,37473
2736,66491
2737,28125
2738,396
2739,669086
2740,769113
2741,10
2742,15971
2743,127170
2744,27004
2745,510281
2746,692447
2747,2436476
2748,1240208
2749,4374800
2750,178
2751,66444
2752,495148
2753,37286
2754,5151
2755,252784
2756,2144326
2757,220227
2758,62050
2759,28366
2760,37023
2761,13622
2762,120
2763,328849
2764,94
2765,5566
2766,211563
2767,214348
2768,33723
2769,5182481
2770,72026
2771,187622
2772,377319
2773,1073
2774,87497
2775,82
2776,267
2777,1067798
2778,380618
2779,1191
2780,12
2781,49567
2782,728396
2783,11974
2784,38342
2785,285553
2786,5312266
2787,423314
2788,93
2789,37358
2790,218781
2791,1511142
2792,16746
2793,89417
2794,222
2795,266053
2796,11030
2797,614668
2798,1338052
2799,216
2800,203804
2801,387362
2802,10644
2803,4323642
2804,64214
2805,3085830
2806,38964
2807,2357910
2808,556539
2809,910443
2810,51263
2811,84825
2812,66692
2813,2072677
2814,1638499
2815,26335
2816,31245
2817,1927709
2818,4427112
2819,115979
2820,194391
2821,652283
2822,300352
2823,5467337
2824,969
2825,9824
2826,27372
2827,116912
2828,821663
2829,8165
2830,394430
2831,238393
2832,1396804
2833,146427
2834,90
2835,10977
2836,781109
2837,66468
2838,87
2839,14696
2840,84
2841,2260
2842,203617
2843,1535367
2844,14311
2845,461018
2846,109024
2847,726635
2848,27350
2849,114425
2850,174
2851,3145
2852,25073
2853,513240
2854,289289
2855,265
2856,3025648
2857,2620189
2858,783387
2859,220
2860,7212
2861,79416
2862,848374
2863,66840
2864,1338072
2865,75
2866,256930
2867,98222
2868,10932
2869,1857
2870,243
2871,22540
2872,75223
2873,454656
2874,10
2875,761512
2876,135003
2877,39520
2878,26876
2879,283582
2880,116
2881,11390
2882,2252
2883,50489
2884,1814
2885,322925
2886,43753
2887,128434
2888,200371
2889,50889
2890,2753797
2891,11540
2892,289213
2893,260357
2894,451783
2895,6241
2896,141137
2897,706213
2898,2019582
2899,3061694
2900,267280
2901,194898
2902,261984
2903,18319
2904,835693
2905,58267
2906,14803
2907,39
2908,278225
2909,221
2910,23
2911,3708166
2912,79382
2913,965
2914,283
2915,781766
2916,95714
2917,61228
2918,1320
2919,302850
2920,1149260
2921,291
2922,92
2923,1187923
2924,926414
2925,1487775
2926,91
2927,795109
2928,326296
2929,101383
2930,417540
2931,397634
2932,982796
2933,204951
2934,132646
2935,3084159
2936,741242
2937,270537
2938,2037418
2939,651361
2940,3002999
2941,2999542
2942,459030
2943,120794
2944,1736848
2945,3603620
2946,89969
2947,2067
2948,130280
2949,22
2950,82
2951,2630206
2952,415100
2953,64432
2954,10632
2955,163171
2956,10
2957,37184
2958,1095870
2959,3822459
2960,4557148
2961,3128244
2962,588112
2963,1129421
2964,13235
2965,1354
2966,670017
2967,1618480
2968,463562
2969,22791
2970,472
2971,112
2972,620925
2973,235410
2974,488
2975,160614
2976,6834080
2977,41493
2978,1587907
2979,297
2980,1350
2981,2966652
2982,46292
2983,735301
2984,1710840
2985,81120
2986,350120
2987,1909183
2988,93130
2989,8013
2990,374340
2991,42676
2992,26011
2993,244173
2994,2201941
2995,671251
2996,296091
2997,15019
2998,54940
2999,137380
3000,60498
3001,1084367
3002,3047856
3003,14208
3004,3949209
3005,4935320
3006,1314818
3007,283
3008,789177
3009,522
3010,191910
3011,2912714
3012,64176
3013,24270
3014,130
3015,775212
3016,120
3017,237341
3018,13
3019,30183
3020,581254
3021,182383
3022,2664
3023,1677001
3024,6158412
3025,531876
3026,254
3027,70692
3028,1009485
3029,60153
3030,1552
3031,639297
3032,30708
3033,91
3034,206007
3035,2150960
3036,846131
3037,737473
3038,23099
3039,1070662
3040,998463
3041,1682833
3042,703105
3043,164
3044,282
3045,91133
3046,730
3047,7543
3048,3035750
3049,9581
3050,97135
3051,67214
3052,265714
3053,158
3054,742771
3055,155834
3056,90
3057,262664
3058,753726
3059,2749213
3060,361763
3061,117130
3062,91
3063,188226
3064,42472
3065,897948
3066,1509863
3067,325567
3068,118344
3069,46926
3070,816204
3071,66663
3072,206
3073,263
3074,134162
3075,35567
3076,6945
3077,36
3078,34232
3079,1210
3080,3973898
3081,425610
3082,65308
3083,154426
3084,930
3085,498282
3086,99339
3087,1013
3088,1305
3089,66469
3090,3049146
3091,2094
3092,592
3093,158221
3094,252067
3095,1227476
3096,884266
3097,441364
3098,1228324
3099,114145
3100,95
3101,89279
3102,335321
3103,9293
3104,533175
3105,494713
3106,13
3107,85
3108,14227
3109,114028
3110,237672
3111,10430
3112,40035
3113,210872
3114,264049
3115,241243
3116,627180
3117,190685
3118,564732
3119,150
3120,283
3121,518903
3122,1739979
3123,7548
3124,8039
3125,22415
3126,180483
3127,1173800
3128,13047
3129,2993840
3130,488294
3131,1340937
3132,3729986
3133,1838526
3134,159808
3135,4089
3136,101529
3137,282851
3138,729
3139,831608
3140,776892
3141,775270
3142,294437
3143,52
3144,10
3145,1189
3146,11664
3147,52388
3148,712336
3149,5224
3150,77404
3151,59044
3152,1034
3153,2943554
3154,10302
3155,3014798
3156,436209
3157,2887
3158,3005271
3159,833987
3160,64665
3161,23307
3162,13398
3163,1731
3164,3072112
3165,10504
3166,1828
3167,293296
3168,128582
3169,4114113
3170,161535
3171,36675
3172,827132
3173,1352618
3174,75
3175,44377
3176,35919
3177,419962
3178,228298
3179,60601
3180,4168
3181,77
3182,4800784
3183,74202
3184,26325
3185,959
3186,505144
3187,861813
3188,1296811
3189,513133
3190,115047
3191,874866
3192,854638
3193,167578
3194,113268
3195,7222
3196,3093438
3197,1064084
3198,10
3199,156193
3200,3073325
3201,26023
3202,82
3203,254
3204,6019
3205,495013
3206,20359
3207,5938906
3208,3074424
3209,32
3210,1707
3211,388754
3212,884486
3213,2944141
3214,56116
3215,652052
3216,778430
3217,65308
3218,56
3219,2249355
3220,77
3221,141
3222,241
3223,40
3224,230805
3225,264306
3226,3534357
3227,333537
3228,275594
3229,2329611
3230,227379
3231,803756
3232,4026528
3233,196512
3234,3194549
3235,551410
3236,257434
3237,194142
3238,92737
3239,6532
3240,689
3241,397717
3242,78530
3243,288140
3244,531552
3245,3052190
3246,41804
3247,1672
3248,21859
3249,847867
3250,2567
3251,813209
3252,1359907
3253,3127930
3254,1392762
3255,31760
3256,757
3257,4095998
3258,25181
3259,17120
3260,9152
3261,64829
3262,47567
3263,39
3264,98985
3265,392467
3266,78547
3267,516879
3268,135189
3269,172863
3270,364974
3271,13287
3272,291
3273,92780
3274,258
3275,380796
3276,3597964
3277,282
3278,162
3279,2959904
3280,37
3281,4626420
3282,1302099
3283,398466
3284,252471
3285,349
3286,694
3287,11575
3288,1040372
3289,190805
3290,583428
3291,18
3292,6032
3293,11225
3294,21947
3295,416
3296,3051110
3297,269907
3298,341
3299,148712
3300,48436
3301,521342
3302,29506
3303,232345
3304,657972
3305,102927
3306,57336
3307,451378
3308,165130
3309,91
3310,6971
3311,640
3312,413644
3313,310789
3314,7812
3315,377283
3316,784750
3317,2356
3318,5080
3319,95
3320,570476
3321,693058
3322,547575
3323,2948
3324,399603
3325,849028
3326,169783
3327,1899985
3328,5019
3329,147671
3330,1468434
3331,110396
3332,2523423
3333,2510304
3334,6602
3335,3009292
3336,183571
3337,74220
3338,4946432
3339,5114216
3340,19072
3341,444181
3342,6865416
3343,685098
3344,104
3345,423195
3346,1781889
3347,14479
3348,856862
3349,268527
3350,93
3351,239
3352,29268
3353,4425
3354,389483
3355,142357
3356,2996114
3357,5047
3358,9309
3359,534639
3360,1357059
3361,252751
3362,1314306
3363,143872
3364,26587
3365,1860427
3366,1852545
3367,700211
3368,2331
3369,18
3370,159883
3371,1757997
3372,418144
3373,1457
3374,158374
3375,33
3376,299338
3377,391596
3378,1217855
3379,3025060
3380,2662101
3381,796
3382,175
3383,784691
3384,1377300
3385,3549
3386,2719670
3387,2992
3388,27559
3389,128318
3390,373
3391,480
3392,22411
3393,248334
3394,475916
3395,1006
3396,8166
3397,58
3398,66523
3399,36212
3400,3134144
3401,273869
3402,95
3403,116
3404,3032168
3405,4318466
3406,1413684
3407,92
3408,854746
3409,1513489
3410,83159
3411,134859
3412,536851
3413,159639
3414,417464
3415,158
3416,2715520
3417,11
3418,8257
3419,4929318
3420,2954260
3421,33272
3422,460883
3423,2992441
3424,77456
3425,7105
3426,29111
3427,22474
3428,81061
3429,482654
3430,766806
3431,19
3432,218803
3433,300391
3434,99917
3435,724627
3436,2956946
3437,22629
3438,985
3439,13677
3440,103822
3441,411671
3442,3835330
3443,907679
3444,32
3445,33411
3446,4289979
3447,66634
3448,2962301
3449,78257
3450,1881881
3451,110074
3452,43031
3453,1368
3454,1756539
3455,138
3456,57079
3457,33
3458,1050
3459,243336
3460,1079025
3461,22872
3462,194650
3463,9249
3464,131603
3465,361011
3466,396
3467,268283
3468,562664
3469,9430
3470,1222
3471,607928
3472,2973770
3473,256192
3474,1943
3475,2849578
3476,898
3477,251595
3478,296129
3479,26901
3480,75407
3481,1071
3482,1127859
3483,27924
3484,267622
3485,4425490
3486,91
3487,220
3488,191897
3489,252843
3490,5872644
3491,89
3492,160075
3493,2338
3494,3778
3495,132
3496,251705
3497,829178
3498,31772
3499,2963
3500,207381
3501,563408
3502,10
3503,947
3504,609
3505,311632
3506,4077517
3507,711675
3508,244818
3509,513321
3510,104
3511,380702
3512,51736
3513,1515262
3514,257
3515,1552381
3516,402204
3517,5418508
3518,254
3519,32
3520,20
3521,34038
3522,46176
3523,360634
3524,1265
3525,117005
3526,1148357
3527,78796
3528,52443
3529,3836146
3530,239449
3531,12983
3532,1422891
3533,71252
3534,3740409
3535,132709
3536,20090
3537,3600490
3538,1099082
3539,789842
3540,192185
3541,40672
3542,4131944
3543,1543967
3544,655002
3545,27015
3546,220
3547,74532
3548,2414280
3549,21987
3550,1248212
3551,9626
3552,655952
3553,2494805
3554,765
3555,6874
3556,11
3557,1688540
3558,209213
3559,872365
3560,899
3561,932575
3562,229911
3563,4320081
3564,2578
3565,6657027
3566,507594
3567,1549356
3568,23
3569,2584112
3570,770
3571,812
3572,233649
3573,2962321
3574,669254
3575,2254500
3576,8724
3577,392488
3578,30531
3579,287
3580,438154
3581,50859
3582,112942
3583,501887
3584,3105
3585,1847911
3586,1117
3587,220799
3588,88
3589,312887
3590,30069
3591,201563
3592,891656
3593,2866816
3594,3759409
3595,1173981
3596,3726175
3597,6255
3598,33
3599,170568
3600,756555
3601,11035
3602,5540
3603,185772
3604,56
3605,811821
3606,278954
3607,73
3608,255582
3609,110190
3610,148140
3611,2759899
3612,93664
3613,1036277
3614,761138
3615,260
3616,48886
3617,369
3618,10
3619,3766759
3620,110277
3621,540893
3622,74238
3623,323524
3624,18589
3625,75
3626,917
3627,678949
3628,255564
3629,605
3630,93731
3631,382074
3632,34117
3633,250401
3634,20406
3635,149688
3636,2986996
3637,81989
3638,777103
3639,6827
3640,7628
3641,649008
3642,365
3643,34
3644,1680
3645,339793
3646,25268
3647,97417
3648,1932
3649,3781048
3650,9073
3651,3055565
3652,312260
3653,22901
3654,795878
3655,73
3656,3052105
3657,1382365
3658,349017
3659,15163
3660,115716
3661,776
3662,67118
3663,34
3664,359647
3665,14442
3666,18
3667,46831
3668,301
3669,658
3670,39071
3671,158691
3672,39172
3673,119
3674,12621
3675,722088
3676,7849
3677,169
3678,421
3679,4387590
3680,68124
3681,7221
3682,30855
3683,11
3684,110550
3685,18
3686,390
3687,200847
3688,3002908
3689,4487896
3690,190771
3691,160627
3692,2075468
3693,664316
3694,86253
3695,1194
3696,176
3697,163
3698,702
3699,56133
3700,67464
3701,103
3702,162304
3703,254482
3704,200075
3705,254533
3706,1961535
3707,1002922
3708,37077
3709,166133
3710,1819496
3711,695
3712,127669
3713,3823946
3714,3025992
3715,269
3716,5384787
3717,3949138
3718,2964568
3719,96
3720,92
3721,453042
3722,582404
3723,34548
3724,55
3725,22
3726,1065238
3727,425718
3728,41058
3729,798
3730,626001
3731,70743
3732,1107439
3733,16357
3734,63961
3735,1039
3736,1547183
3737,264958
3738,2706719
3739,3051133
3740,143979
3741,2038534
3742,254258
3743,553
3744,2567313
3745,1381704
3746,4153
3747,34144
3748,21435
3749,104851
3750,252681
3751,315967
3752,1885827
3753,64773
3754,990
3755,46076
3756,2956822
3757,495496
3758,1299576
3759,40961
3760,3079427
3761,4319665
3762,9842
3763,1340259
3764,73825
3765,509537
3766,160593
3767,12263
3768,571915
3769,9974
3770,25138
3771,607768
3772,355578
3773,551724
3774,258934
3775,134
3776,137320
3777,65014
3778,3707852
3779,24105
3780,2968837
3781,2889502
3782,1589645
3783,1348803
3784,66726
3785,21400
3786,2102402
3787,39180
3788,15
3789,178
3790,591231
3791,193108
3792,75
3793,5152
3794,393347
3795,167752
3796,1633
3797,192571
3798,683
3799,11732
3800,67362
3801,223782
3802,129953
3803,28317
3804,91134
3805,2961250
3806,227
3807,1618187
3808,74
3809,3971
3810,181824
3811,1269693
3812,151417
3813,17807
3814,71440
3815,49363
3816,181776
3817,13710
3818,98230
3819,778434
3820,867054
3821,3599443
3822,14719
3823,661272
3824,72
3825,558308
3826,1434
3827,932076
3828,201390
3829,280
3830,16829
3831,38
3832,528906
3833,1959
3834,211
3835,386535
3836,922604
3837,282
3838,163804
3839,3087508
3840,114953
3841,121832
3842,630963
3843,91
3844,60
3845,18860
3846,30813
3847,1053
3848,5182970
3849,81
3850,1750635
3851,4210720
3852,184
3853,593140
3854,250894
3855,963
3856,72
3857,2056777
3858,162
3859,2164176
3860,923041
3861,5306
3862,1508
3863,113413
3864,40825
3865,1067840
3866,3249699
3867,5074838
3868,154304
3869,10
3870,196387
3871,396724
3872,765267
3873,779676
3874,3984440
3875,232737
3876,138216
3877,15201
3878,78
3879,42989
3880,268
3881,152117
3882,997594
3883,569209
3884,105744
3885,174648
3886,775799
3887,252576
3888,468700
3889,422
3890,18002
3891,5248999
3892,42688
3893,2335
3894,1317412
3895,2959799
3896,17021
3897,559520
3898,83
3899,5509046
3900,226181
3901,625713
3902,302207
3903,2669657
3904,55799
3905,956746
3906,66859
3907,11
3908,729286
3909,888
3910,36345
3911,37697
3912,760392
3913,34413
3914,2339
3915,1208955
3916,86347
3917,2779575
3918,978878
3919,195401
3920,62600
3921,84048
3922,335544
3923,1854896
3924,158558
3925,321990
3926,37
3927,77589
3928,40
3929,767320
3930,91
3931,1361
3932,36221
3933,4516014
3934,91
3935,3164291
3936,592260
3937,159284
3938,247542
3939,75
3940,168756
3941,12147
3942,254
3943,439993
3944,37412
3945,6695
3946,433475
3947,4139766
3948,741
3949,2288526
3950,1573
3951,116203
3952,3084418
3953,859886
3954,902
3955,175862
3956,38
3957,98219
3958,344425
3959,177526
3960,192142
3961,827858
3962,62443
3963,82866
3964,4932860
3965,4583352
3966,2472
3967,681238
3968,113318
3969,20298
3970,197217
3971,11713
3972,466
3973,32133
3974,6549
3975,66577
3976,123876
3977,39071
3978,7695
3979,66843
3980,48138
3981,540146
3982,1360811
3983,1074
3984,44976
3985,54175
3986,221125
3987,356072
3988,7406922
3989,48568
3990,357094
3991,79
3992,62
3993,233485
3994,179
3995,16519
3996,4405064
3997,290302
3998,4163395
3999,101
4000,2120927
4001,5225888
4002,152307
4003,805551
4004,42175
4005,163
4006,269914
4007,4356556
4008,122089
4009,504622
4010,119
4011,2165485
4012,2797270
4013,2333251
4014,86264
4015,61132
4016,882038
4017,251754
4018,1113
4019,28874
4020,26816
4021,985
4022,1903912
4023,1224032
4024,231267
4025,76441
4026,259
4027,623692
4028,127684
4029,1488496
4030,102294
4031,76409
4032,39870
4033,1713750
4034,105845
4035,773233
4036,266
4037,102
4038,3822634
4039,3742382
4040,247824
4041,23900
4042,1475626
4043,2768768
4044,187403
4045,2867748
4046,10916
4047,82499
4048,105383
4049,1079314
4050,2884722
4051,409683
4052,1906148
4053,41663
4054,25752
4055,1204014
4056,802
4057,102622
4058,7270
4059,599208
4060,128510
4061,33891
4062,220213
4063,142592
4064,153102
4065,35
4066,937341
4067,934379
4068,535263
4069,934
4070,400956
4071,52058
4072,4489248
4073,3638425
4074,12
4075,1517851
4076,74
4077,516772
4078,171
4079,590586
4080,754
4081,191467
4082,588981
4083,4222241
4084,1432217
4085,12
4086,289348
4087,1163
4088,2470954
4089,104372
4090,92
4091,577376
4092,20
4093,1571999
4094,38678
4095,2207
4096,15749
4097,31854
4098,242957
4099,260518
4100,826245
4101,91024
4102,34145
4103,55
4104,589818
4105,4208809
4106,2960920
4107,119
4108,80504
4109,1118
4110,545681
4111,62475
4112,252
4113,487502
4114,972027
4115,1323214
4116,1067
4117,152
4118,11985
4119,275
4120,89
4121,37
4122,3173787
4123,409634
4124,916863
4125,43904
4126,73
4127,39807
4128,90248
4129,54825
4130,84
4131,14759
4132,1353
4133,776223
4134,8216
4135,43873
4136,122390
4137,70675
4138,1179
4139,418529
4140,5854
4141,792550
4142,4335988
4143,878162
4144,1879
4145,181675
4146,215147
4147,4112234
4148,2744503
4149,898982
4150,2466
4151,419
4152,54037
4153,11708
4154,388509
4155,1910388
4156,3086169
4157,292803
4158,488416
4159,529508
4160,53956
4161,453063
4162,3618
4163,1357152
4164,24714
4165,953
4166,132933
4167,3013404
4168,250844
4169,326905
4170,25936
4171,8910
4172,11
4173,587202
4174,34185
4175,993420
4176,218783
4177,29727
4178,178
4179,100927
4180,1249030
4181,533830
4182,2936
4183,52601
4184,16011
4185,93
4186,88
4187,30832
4188,172103
4189,28013
4190,1064
4191,515038
4192,88320
4193,114516
4194,20564
4195,79787
4196,993
4197,826502
4198,93284
4199,64397
4200,541013
4201,110
4202,1459094
4203,17
4204,779943
4205,4625
4206,296933
4207,107225
4208,158044
4209,8743
4210,2959000
4211,151416
4212,24863
4213,1373116
4214,946
4215,2932568
4216,121078
4217,780606
4218,188881
4219,50615
4220,253058
4221,2881340
4222,456700
4223,456
4224,113509
4225,39043
4226,21
4227,22134
4228,150840
4229,112950
4230,529833
4231,3619166
4232,326939
4233,55561
4234,1130765
4235,86687
4236,204003
4237,1152832
4238,577593
4239,24545
4240,775532
4241,382580
4242,192880
4243,135442
4244,199248
4245,334440
4246,58
4247,448694
4248,103964
4249,86
4250,235197
4251,14666
4252,352117
4253,1374455
4254,12101
4255,3102854
4256,340870
4257,215012
4258,2395104
4259,432642
4260,845
4261,674289
4262,941
4263,234659
4264,406
4265,613240
4266,352505
4267,818
4268,451688
4269,1819921
4270,13233
4271,99922
4272,147510
4273,1393
4274,365341
4275,929514
4276,2954734
4277,497953
4278,98177
4279,2144056
4280,514996
4281,2184
4282,1632582
4283,27
4284,5629
4285,83
4286,674165
4287,678353
4288,4185996
4289,3228622
4290,39665
4291,339272
4292,2970641
4293,47057
4294,203144
4295,3382
4296,112373
4297,8000
4298,646
4299,17030
4300,142232
4301,4255514
4302,9940
4303,12
4304,127559
4305,108668
4306,120788
4307,46192
4308,601545
4309,967900
4310,2169197
4311,5320
4312,45
4313,156586
4314,2146171
4315,176
4316,120800
4317,83739
4318,92
4319,4260066
4320,38181
4321,1139711
4322,421832
4323,922
4324,829462
4325,5226516
4326,62166
4327,375496
4328,4233890
4329,165198
4330,3754909
4331,3013562
4332,2202437
4333,92843
4334,837644
4335,1814497
4336,1422606
4337,1419923
4338,784844
4339,57
4340,17077
4341,12203
4342,165380
4343,870345
4344,6981
4345,1806
4346,168
4347,301
4348,368989
4349,54030
4350,703204
4351,1810722
4352,34052
4353,243501
4354,437
4355,1156826
4356,523520
4357,1241531
4358,124096
4359,79
4360,248154
4361,3076964
4362,1380496
4363,61518
4364,835905
4365,143368
4366,1015894
4367,3250806
4368,427876
4369,60
4370,706743
4371,1094541
4372,3923532
4373,3645364
4374,7560
4375,1837
4376,33
4377,8944
4378,3058122
4379,3410
4380,4314671
4381,411480
4382,1086
4383,113
4384,427706
4385,117017
4386,779101
4387,50100
4388,218853
4389,4481156
4390,432348
4391,3062832
4392,475632
4393,9241
4394,235642
4395,94
4396,821
4397,88
4398,647819
4399,87093
4400,251600
4401,24625
4402,852237
4403,636577
4404,365350
4405,14031
4406,48728
4407,215349
4408,799296
4409,150366
4410,6441
4411,3035576
4412,1140118
4413,2572
4414,3666755
4415,4284051
4416,252729
4417,57
4418,178
4419,45545
4420,120
4421,610511
4422,6174
4423,38785
4424,4512504
4425,90
4426,79936
4427,74310
4428,246146
4429,6084
4430,3654686
4431,106302
4432,591594
4433,72
4434,121
4435,4430554
4436,653936
4437,206488
4438,10866
4439,609228
4440,32786
4441,245
4442,631
4443,115238
4444,2136
4445,207773
4446,1453580
4447,782668
4448,516844
4449,758033
4450,55
4451,23203
4452,17298
4453,16290
4454,1393130
4455,497675
4456,1406059
4457,11331
4458,463346
4459,22483
4460,2963485
4461,693744
4462,25864
4463,193956
4464,568481
4465,380398
4466,117858
4467,74321
4468,3073583
4469,179238
4470,65411
4471,113189
4472,5026277
4473,1059371
4474,65617
4475,18307
4476,168599
4477,1402310
4478,2965552
4479,2968401
4480,4846616
4481,168019
4482,2966592
4483,245
4484,2637194
4485,746179
4486,12112
4487,659565
4488,13004
4489,222344
4490,2253636
4491,168
4492,48888
4493,111
4494,133651
4495,11934
4496,10892
4497,461303
4498,146167
4499,70369
4500,289439
4501,116742
4502,251592
4503,66457
4504,102861
4505,7837
4506,31982
4507,681126
4508,5237358
4509,1762064
4510,24567
4511,373353
4512,1651167
4513,4078
4514,132052
4515,3183816
4516,693
4517,166057
4518,717813
4519,1538
4520,293
4521,61
4522,1785633
4523,1043
4524,63
4525,410
4526,2206071
4527,176425
4528,109722
4529,1381670
4530,511024
4531,893500
4532,11397
4533,353097
4534,474716
4535,33
4536,7462
4537,334
4538,47622
4539,2626
4540,129449
4541,30294
4542,44318
4543,1117532
4544,3666800
4545,1147127
4546,995990
4547,366
4548,1030218
4549,160119
4550,14497
4551,54779
4552,13885
4553,1643475
4554,529215
4555,766991
4556,40
4557,1013664
4558,649917
4559,478131
4560,644062
4561,1941
4562,3027585
4563,775200
4564,1091380
4565,231253
4566,2098578
4567,94
4568,110522
4569,12635
4570,157
4571,198973
4572,12595
4573,20660
4574,232
4575,118132
4576,17102
4577,416608
4578,26469
4579,512597
4580,960107
4581,56558
4582,918860
4583,4508728
4584,523443
4585,17929
4586,781874
4587,417460
4588,3024890
4589,8964
4590,537487
4591,996672
4592,159971
4593,56090
4594,2496880
4595,33972
4596,124
4597,125822
4598,705768
4599,445914
4600,7371
4601,307009
4602,30767
4603,10455
4604,4458
4605,1519014
4606,74622
4607,447786
4608,388
4609,37397
4610,138281
4611,503197
4612,18828
4613,479
4614,2574
4615,2727670
4616,81292
4617,38375
4618,192115
4619,5859380
4620,241
4621,634596
4622,862
4623,1583590
4624,63728
4625,1968
4626,243
4627,36606
4628,820630
4629,11828
4630,341018
4631,30905
4632,897969
4633,769701
4634,3052652
4635,1969920
4636,536871
4637,8685
4638,1513472
4639,2992989
4640,1509643
4641,25506
4642,3001
4643,267
4644,3519920
4645,339491
4646,67321
4647,659568
4648,1147
4649,827
4650,3159599
4651,166789
4652,211937
4653,252943
4654,2311473
4655,3364107
4656,70275
4657,25346
4658,251703
4659,695628
4660,280518
4661,191366
4662,645540
4663,1023580
4664,1477
4665,19191
4666,778
4667,28768
4668,77044
4669,234194
4670,71119
4671,24025
4672,4297842
4673,480
4674,93
4675,185305
4676,290
4677,9764
4678,158
4679,79
4680,1052569
4681,93
4682,382652
4683,33725
4684,806784
4685,1666232
4686,2966
4687,1101
4688,288
4689,4264127
4690,30558
4691,733
4692,103038
4693,14408
4694,5189548
4695,10406
4696,852179
4697,627268
4698,288
4699,730802
4700,107084
4701,785296
4702,23036
4703,504215
4704,63350
4705,3634190
4706,563
4707,1123
4708,507059
4709,266
4710,2738
4711,1481316
4712,506721
4713,3421
4714,7303
4715,43553
4716,2993734
4717,40168
4718,16414
4719,31605
4720,523005
4721,132539
4722,8005
4723,106569
4724,136316
4725,268911
4726,2126150
4727,1876766
4728,1563
4729,91
4730,54893
4731,88
4732,927
4733,66533
4734,2800232
4735,36475
4736,582692
4737,1242264
4738,154916
4739,1504241
4740,190664
4741,581597
4742,748696
4743,10
4744,207213
4745,505304
4746,199117
4747,1241
4748,234165
4749,45256
4750,154344
4751,46148
4752,5314602
4753,66297
4754,10061
4755,3047417
4756,1198622
4757,2974596
4758,707868
4759,2624
4760,63931
4761,5901
4762,778720
4763,1587
4764,165768
4765,679313
4766,254
4767,945
4768,92
4769,18830
4770,1676
4771,1241887
4772,1959216
4773,1075845
4774,52672
4775,94
4776,98802
4777,1652
4778,3227606
4779,832558
4780,20738
4781,253088
4782,3615826
4783,27201
4784,133113
4785,10
4786,334927
4787,659871
4788,1750822
4789,26924
4790,266090
4791,566596
4792,3063344
4793,11
4794,832364
4795,587699
4796,2828308
4797,2884383
4798,1091002
4799,278211
4800,165457
4801,268
4802,94
4803,645
4804,4476039
4805,587082
4806,5351531
4807,93
4808,201197
4809,1025342
4810,1318
4811,6150
4812,1184539
4813,190355
4814,13956
4815,1817
4816,19152
4817,95723
4818,189664
4819,43842
4820,107
4821,95
4822,4789
4823,40418
4824,251
4825,62594
4826,85269
4827,612256
4828,4121
4829,43178
4830,2835966
4831,113507
4832,1475136
4833,72203
4834,234
4835,226143
4836,941551
4837,70344
4838,68683
4839,801597
4840,403920
4841,786008
4842,421822
4843,947
4844,17
4845,30726
4846,216129
4847,12201
4848,3013266
4849,37744
4850,4426035
4851,4722466
4852,132841
4853,906
4854,1639
4855,1467937
4856,3063086
4857,9172
4858,221144
4859,3744753
4860,73234
4861,67160
4862,14614
4863,2969604
4864,1085708
4865,135890
4866,5179028
4867,157058
4868,509999
4869,1017
4870,500
4871,71029
4872,4619269
4873,95779
4874,703650
4875,5427936
4876,233791
4877,464869
4878,439
4879,978864
4880,5895
4881,120365
4882,24271
4883,94
4884,3906614
4885,453070
4886,27326
4887,269127
4888,135467
4889,2098
4890,1093104
4891,4549480
4892,2170029
4893,1582
4894,218300
4895,480
4896,15262
4897,14307
4898,430951
4899,286007
4900,395948
4901,89921
4902,1586882
4903,671970
4904,80018
4905,218486
4906,3085239
4907,15207
4908,366775
4909,37916
4910,25215
4911,693797
4912,155694
4913,615135
4914,133
4915,12202
4916,214574
4917,854
4918,15734
4919,14734
4920,319094
4921,306531
4922,423954
4923,132419
4924,277
4925,151464
4926,1114878
4927,21780
4928,402050
4929,28982
4930,3050534
4931,1247
4932,949
4933,409034
4934,1021
4935,519409
4936,2964989
4937,425
4938,70756
4939,4022521
4940,1078281
4941,1049188
4942,146
4943,570424
4944,18727
4945,50
4946,151
4947,8610
4948,790853
4949,1250668
4950,146083
4951,5166084
4952,77
4953,11
4954,2654296
4955,840034
4956,2909916
4957,40
4958,3037589
4959,754480
4960,16225
4961,430957
4962,3089013
4963,401762
4964,111943
4965,115298
4966,1825905
4967,180948
4968,661700
4969,26820
4970,631368
4971,116
4972,1424055
4973,1534439
4974,1489442
4975,1560611
4976,4013566
4977,183070
4978,115494
4979,20094
4980,134954
4981,84386
4982,18714
4983,596161
4984,818284
4985,2605
4986,1103851
4987,46
4988,1839926
4989,40
4990,33
4991,11
4992,55123
4993,8950
4994,94
4995,496902
4996,967
4997,690
4998,18925
4999,3044160
